{"M4_top_methods": ["h5公众号或扫码支付", "插件android"], 
"M4_top_perc": [0.9991816693944353, 0.0008183306055646482], 
"M4_top_source": ["微信扫码支付", "支付宝网上购票", "支付宝网页支付", "微信公众号支付", "支付宝", "微信支付"], 
"M4_top_perc_source": [0.7847790507364976, 0.1976268412438625, 0.012684124386252046, 0.004091653027823241, 0.0004091653027823241, 0.0004091653027823241]}{"M4_top_methods": ["h5公众号或扫码支付", "插件android"], "M4_top_perc": [0.9991816693944353, 0.0008183306055646482], "M4_top_source": ["微信扫码支付", "支付宝网上购票", "支付宝网页支付", "微信公众号支付", "支付宝", "微信支付"], "M4_top_perc_source": [0.7847790507364976, 0.1976268412438625, 0.012684124386252046, 0.004091653027823241, 0.0004091653027823241, 0.0004091653027823241]}{"M4_top_methods": ["h5公众号或扫码支付", "插件android"], "M4_top_perc": [0.9991816693944353, 0.0008183306055646482], "M4_top_source": ["微信扫码支付", "支付宝网上购票", "支付宝网页支付", "微信公众号支付", "支付宝", "微信支付"], "M4_top_perc_source": [0.7847790507364976, 0.1976268412438625, 0.012684124386252046, 0.004091653027823241, 0.0004091653027823241, 0.0004091653027823241]}