{"levels": ["1次", "2-5次", "6-20次", "20次以上"], "user_times": {"1次": 9617, "2-5次": 83, "6-20次": 0, "20次以上": 0}, "user_percent": {"1次": 0.9914432989690721, "2-5次": 0.008556701030927835, "6-20次": 0, "20次以上": 0}}