{"M5_total_rate": 0.9783, "M5_tail_stations": ["白云大道北", "琶洲", "新港东", "香雪", "金洲"], "M5_success_tk": [35, 50, 11, 44, 30], "M5_fail_tk": [4, 5, 1, 3, 2], "M5_rate": [0.8974358974358975, 0.9090909090909091, 0.9166666666666666, 0.9361702127659575, 0.9375]}