{"D_new_cont_month": {"1": 0.0, "2": 0.0, "3": 0.0, "4": 0.0, "5": 0.0, "6": 0.0, "7": 0.0, "8": 0.0, "9": 0.0, "10": 0.0, "11": 0.0, "12": 0.0, "13": 0.0, "14": 0.0, "15": 0.0, "16": 0.0, "17": 0.0, "18": 0.0}, "D_total_month": {"1": 1.0}, "D_cont_day": {"连续使用1天": 0.9991752577319588, "连续使用2~3天": 0.0008247422680412372, "连续使用4~7天": 0.0, "连续使用8~20天": 0.0, "连续使用21天以上": 0.0}, "D_total_day": {"总使用1天": 0.9929896907216494, "总使用2~5天": 0.0026804123711340207, "总使用6~20天": 0.0038144329896907217, "总使用21~30天": 0.0005154639175257732, "总使用31~60天": 0.0, "总使用61~90天": 0.0, "总使用91~120天": 0.0, "总使用121天以上": 0.0}, "D_user_pre": {"只使用1次": 0.9929896907216494, "0~0.1": 0.0005154639175257732, "0.1~0.2": 0.0021649484536082476, "0.2~0.3": 0.0009278350515463917, "0.3~0.4": 0.0010309278350515464, "0.4~0.5": 0.0009278350515463917, "0.5~0.6": 0.0, "0.6~0.7": 0.0006185567010309278, "0.7~0.8": 0.0, "0.8~0.9": 0.0, "0.9~1": 0.0008247422680412372}, "D_model": {"稳定高频周末型": 0.0, "稳定高频工作型": 0.0, "稳定高频常用型": 0.0, "稳定低频周末型": 0.0, "稳定低频工作型": 0.0, "稳定低频常用型": 0.0, "一段时间之后不用型": 0.0, "突发周末型": 0.0, "突发工作型": 0.0, "突发常用型": 0.0, "本月新用户周末型": 0.6908247422680412, "本月新用户工作型": 0.30690721649484537, "本月新用户常用型": 0.002268041237113402}}